{
	"credit": "Made with Blockbench, a free, modern block model editor by JannisX11",
	"textures": {"particle": "blocks/door_acacia_lower"},
	"elements": [
		{
			"name": "cube",
			"from": [0, 0, 0],
			"to": [3, 16, 3],
			"faces": {
				"north": {
					"uv": [3, 0, 0, 16],
					"texture": "#particle",
					"cullface": "north"
				},
				"east": {
					"uv": [13, 0, 16, 16],
					"texture": "#particle"
				},
				"south": {
					"uv": [0, 0, 3, 16],
					"texture": "#particle"
				},
				"west": {
					"uv": [0, 0, 3, 16],
					"texture": "#particle",
					"cullface": "west"
				},
				"down": {
					"uv": [0, 13, 3, 16],
					"texture": "#particle",
					"cullface": "down"
				}
			}
		},
		{
			"name": "cube",
			"from": [0, 0, 13],
			"to": [3, 16, 16],
			"faces": {
				"north": {
					"uv": [16, 0, 13, 16],
					"texture": "#particle"
				},
				"east": {
					"uv": [0, 0, 3, 16],
					"texture": "#particle"
				},
				"south": {
					"uv": [13, 0, 16, 16],
					"texture": "#particle",
					"cullface": "south"
				},
				"west": {
					"uv": [13, 0, 16, 16],
					"texture": "#particle",
					"cullface": "west"
				},
				"down": {
					"uv": [13, 13, 16, 16],
					"texture": "#particle",
					"cullface": "down"
				}
			}
		},
		{
			"name": "cube",
			"from": [1, 1, 4],
			"to": [2, 16, 6],
			"faces": {
				"north": {
					"uv": [11, 0, 12, 15],
					"texture": "#particle"
				},
				"east": {
					"uv": [10, 0, 12, 15],
					"texture": "#particle"
				},
				"south": {
					"uv": [4, 0, 5, 15],
					"texture": "#particle"
				},
				"west": {
					"uv": [4, 0, 6, 15],
					"texture": "#particle"
				},
				"down": {
					"uv": [0, 0, 1, 1],
					"texture": "#particle",
					"cullface": "down"
				}
			}
		},
		{
			"name": "cube",
			"from": [1, 1, 7],
			"to": [2, 16, 9],
			"faces": {
				"north": {
					"uv": [8, 0, 9, 15],
					"texture": "#particle"
				},
				"east": {
					"uv": [7, 0, 9, 15],
					"texture": "#particle"
				},
				"south": {
					"uv": [7, 0, 8, 15],
					"texture": "#particle"
				},
				"west": {
					"uv": [7, 0, 9, 15],
					"texture": "#particle"
				},
				"down": {
					"uv": [0, 0, 1, 1],
					"texture": "#particle",
					"cullface": "down"
				}
			}
		},
		{
			"name": "cube",
			"from": [1, 1, 10],
			"to": [2, 16, 12],
			"faces": {
				"north": {
					"uv": [5, 0, 6, 15],
					"texture": "#particle"
				},
				"east": {
					"uv": [4, 0, 6, 15],
					"texture": "#particle"
				},
				"south": {
					"uv": [10, 0, 11, 15],
					"texture": "#particle"
				},
				"west": {
					"uv": [10, 0, 12, 15],
					"texture": "#particle"
				},
				"down": {
					"uv": [0, 0, 1, 1],
					"texture": "#particle",
					"cullface": "down"
				}
			}
		},
		{
			"name": "cube",
			"from": [1, 1, 2],
			"to": [2, 3, 14],
			"faces": {
				"east": {
					"uv": [2, 13, 14, 15],
					"texture": "#particle"
				},
				"west": {
					"uv": [2, 13, 14, 15],
					"texture": "#particle"
				},
				"up": {
					"uv": [2, 13, 14, 14],
					"texture": "#particle",
					"rotation": 90
				},
				"down": {
					"uv": [14, 13, 2, 14],
					"texture": "#particle",
					"rotation": 90
				}
			}
		},
		{
			"name": "cube",
			"from": [1, 14, 2],
			"to": [2, 16, 14],
			"faces": {
				"east": {
					"uv": [2, 0, 14, 2],
					"texture": "#particle"
				},
				"west": {
					"uv": [2, 0, 14, 2],
					"texture": "#particle"
				},
				"up": {
					"uv": [2, 0, 14, 1],
					"texture": "#particle",
					"rotation": 90
				},
				"down": {
					"uv": [14, 13, 2, 14],
					"texture": "#particle",
					"rotation": 90
				}
			}
		}
	],
	"ambientocclusion": false
}