{
	"credit": "Made by Maffhew",
	"textures": {
		"0": "blocks/fence_birch",
		"1": "blocks/fence_birch_top"
	},
	"elements": [
		{
			"name": "Element",
			"from": [7.5, 0, 3],
			"to": [8.5, 15, 5],
			"faces": {
				"north": {"uv": [4, 1, 5, 16], "texture": "#0"},
				"east": {"uv": [3, 1, 5, 16], "texture": "#0"},
				"south": {"uv": [4, 1, 5, 16], "texture": "#0"},
				"west": {"uv": [3, 1, 5, 16], "texture": "#0"},
				"up": {
					"uv": [1, 4, 2, 6],
					"texture": "#0",
					"cullface": "up"
				},
				"down": {
					"uv": [0, 4, 1, 6],
					"texture": "#0",
					"cullface": "down"
				}
			}
		},
		{
			"name": "Element",
			"from": [7.5, 0, 0],
			"to": [8.5, 14, 1],
			"faces": {
				"north": {"uv": [1, 2, 2, 16], "texture": "#0"},
				"east": {"uv": [0, 2, 1, 16], "texture": "#0"},
				"south": {"uv": [4, 2, 5, 16], "texture": "#0"},
				"west": {"uv": [1, 2, 2, 16], "texture": "#0"},
				"up": {
					"uv": [0, 4, 1, 5],
					"texture": "#0",
					"cullface": "up"
				},
				"down": {
					"uv": [0, 5, 1, 6],
					"texture": "#0",
					"cullface": "down"
				}
			}
		},
		{
			"name": "Top",
			"from": [7, 10, 0],
			"to": [9, 12, 6],
			"faces": {
				"north": {
					"uv": [1, 4, 2, 6],
					"texture": "#0",
					"cullface": "north"
				},
				"east": {"uv": [10, 4, 16, 6], "texture": "#0"},
				"west": {"uv": [0, 4, 6, 6], "texture": "#0"},
				"up": {"uv": [7, 0, 9, 6], "texture": "#1"},
				"down": {"uv": [7, 0, 9, 6], "texture": "#1"}
			}
		},
		{
			"name": "Bottom",
			"from": [7, 2, 0],
			"to": [9, 4, 6],
			"faces": {
				"north": {
					"uv": [1, 12, 2, 14],
					"texture": "#0",
					"cullface": "north"
				},
				"east": {"uv": [10, 12, 16, 14], "texture": "#0"},
				"west": {"uv": [0, 12, 6, 14], "texture": "#0"},
				"up": {"uv": [7, 0, 9, 6], "texture": "#1"},
				"down": {"uv": [7, 0, 9, 6], "texture": "#1"}
			}
		}
	]
}