{
	"credit": "Made by Maffhew",
	"textures": {
		"fence": "blocks/fence_birch_top",
		"gate": "blocks/fence_gate_birch",
		"particle": "blocks/fence_gate_birch"
	},
	"elements": [
		{
			"name": "cube",
			"from": [0, 0, 6.5],
			"to": [3, 15, 9.5],
			"faces": {
				"north": {"uv": [0, 1, 3, 16], "texture": "#gate"},
				"east": {"uv": [0, 1, 3, 16], "texture": "#gate"},
				"south": {"uv": [0, 1, 3, 16], "texture": "#gate"},
				"west": {
					"uv": [0, 1, 3, 16],
					"texture": "#gate",
					"cullface": "west"
				},
				"up": {"uv": [6, 7, 9, 10], "texture": "#fence"},
				"down": {
					"uv": [6, 7, 9, 10],
					"texture": "#fence",
					"cullface": "down"
				}
			}
		},
		{
			"name": "cube",
			"from": [13, 0, 6.5],
			"to": [16, 15, 9.5],
			"faces": {
				"north": {
					"uv": [13, 1, 16, 16],
					"texture": "#gate"
				},
				"east": {"uv": [13, 1, 16, 16], "texture": "#gate"},
				"south": {
					"uv": [13, 1, 16, 16],
					"texture": "#gate"
				},
				"west": {"uv": [13, 1, 16, 16], "texture": "#gate"},
				"up": {"uv": [6, 7, 9, 10], "texture": "#fence"},
				"down": {
					"uv": [6, 7, 9, 10],
					"texture": "#fence",
					"cullface": "down"
				}
			}
		},
		{
			"name": "cube",
			"from": [1, 0, 10.5],
			"to": [2, 14, 12.5],
			"faces": {
				"north": {"uv": [4, 2, 5, 16], "texture": "#gate"},
				"east": {"uv": [6, 2, 4, 16], "texture": "#gate"},
				"south": {"uv": [5, 2, 6, 16], "texture": "#gate"},
				"west": {"uv": [4, 2, 6, 16], "texture": "#gate"},
				"up": {
					"uv": [5, 2, 6, 4],
					"texture": "#gate",
					"rotation": 90
				},
				"down": {
					"uv": [4, 15, 6, 16],
					"texture": "#gate",
					"cullface": "down",
					"rotation": 270
				}
			}
		},
		{
			"name": "cube",
			"from": [1, 0, 13.5],
			"to": [2, 15, 15.5],
			"faces": {
				"north": {"uv": [7, 1, 8, 16], "texture": "#gate"},
				"east": {"uv": [9, 1, 7, 16], "texture": "#gate"},
				"south": {"uv": [8, 1, 9, 16], "texture": "#gate"},
				"west": {"uv": [7, 1, 9, 16], "texture": "#gate"},
				"up": {
					"uv": [8, 1, 9, 3],
					"texture": "#gate",
					"rotation": 90
				},
				"down": {
					"uv": [7, 15, 9, 16],
					"texture": "#gate",
					"cullface": "down",
					"rotation": 270
				}
			}
		},
		{
			"name": "cube",
			"from": [0.5, 10, 8.5],
			"to": [2.5, 12, 20.5],
			"faces": {
				"east": {"uv": [14, 4, 2, 6], "texture": "#gate"},
				"south": {"uv": [3, 4, 5, 6], "texture": "#gate"},
				"west": {"uv": [2, 4, 14, 6], "texture": "#gate"},
				"up": {
					"uv": [7, 0, 9, 6],
					"texture": "#fence",
					"rotation": 90
				},
				"down": {
					"uv": [7, 0, 9, 6],
					"texture": "#fence",
					"rotation": 90
				}
			}
		},
		{
			"name": "cube",
			"from": [0.5, 2, 8.5],
			"to": [2.5, 4, 20.5],
			"faces": {
				"east": {"uv": [2, 12, 14, 14], "texture": "#gate"},
				"south": {"uv": [3, 12, 5, 14], "texture": "#gate"},
				"west": {"uv": [2, 12, 14, 14], "texture": "#gate"},
				"up": {
					"uv": [7, 10, 9, 16],
					"texture": "#fence",
					"rotation": 90
				},
				"down": {
					"uv": [7, 10, 9, 16],
					"texture": "#fence",
					"rotation": 90
				}
			}
		},
		{
			"name": "cube",
			"from": [1, 0, 16.5],
			"to": [2, 14, 18.5],
			"faces": {
				"north": {
					"uv": [10, 2, 11, 16],
					"texture": "#gate"
				},
				"east": {"uv": [12, 2, 10, 16], "texture": "#gate"},
				"south": {
					"uv": [11, 2, 12, 16],
					"texture": "#gate"
				},
				"west": {"uv": [10, 2, 12, 16], "texture": "#gate"},
				"up": {
					"uv": [11, 2, 12, 4],
					"texture": "#gate",
					"rotation": 90
				},
				"down": {
					"uv": [10, 15, 12, 16],
					"texture": "#gate",
					"cullface": "down",
					"rotation": 270
				}
			}
		}
	]
}