{
    "variants": {
        "snowy=false": [
            { "model": "foliage/grass/grass_normal", "weight": 25 },
            { "model": "foliage/grass/grass_normal", "weight": 25, "y": 90 },
            { "model": "foliage/grass/grass_normal", "weight": 25, "y": 180 },
            { "model": "foliage/grass/grass_normal", "weight": 25, "y": 270 },
            { "model": "foliage/grass/grass_normal1", "weight": 14 },
            { "model": "foliage/grass/grass_normal1", "weight": 14, "y": 90 },
            { "model": "foliage/grass/grass_normal1", "weight": 14, "y": 180 },
            { "model": "foliage/grass/grass_normal1", "weight": 14, "y": 270 },
            { "model": "foliage/grass/grass_normal2", "weight": 15 },
            { "model": "foliage/grass/grass_normal2", "weight": 14, "y": 90 },
            { "model": "foliage/grass/grass_normal2", "weight": 15, "y": 180 },
            { "model": "foliage/grass/grass_normal2", "weight": 15, "y": 270 },
            { "model": "foliage/grass/grass_normal3", "weight": 15 },
            { "model": "foliage/grass/grass_normal3", "weight": 15, "y": 90 },
            { "model": "foliage/grass/grass_normal3", "weight": 15, "y": 180 },
            { "model": "foliage/grass/grass_normal3", "weight": 15, "y": 270 },
            { "model": "foliage/grass/grass_normal4", "weight": 25 },
            { "model": "foliage/grass/grass_normal4", "weight": 25, "y": 90 },
            { "model": "foliage/grass/grass_normal4", "weight": 25, "y": 180 },
            { "model": "foliage/grass/grass_normal4", "weight": 25, "y": 270 },
            { "model": "foliage/grass/grass_normal5", "weight": 1 },
            { "model": "foliage/grass/grass_normal5", "weight": 1, "y": 90 },
            { "model": "foliage/grass/grass_normal5", "weight": 1, "y": 180 },
            { "model": "foliage/grass/grass_normal5", "weight": 1, "y": 270 },
            { "model": "foliage/grass/grass_normal6", "weight": 1 },
            { "model": "foliage/grass/grass_normal6", "weight": 1, "y": 90 },
            { "model": "foliage/grass/grass_normal6", "weight": 1, "y": 180 },
            { "model": "foliage/grass/grass_normal6", "weight": 1, "y": 270 }
        ],
        "snowy=true":  { "model": "grass_snowed" }
    }
}
