{
    "variants": {
        "facing=up,powered=false": [
		    { "model": "rock_button", "uvlock": true },
            { "model": "rock_button", "uvlock": false, "y": 90 },
            { "model": "rock_button", "uvlock": false, "y": 180 },
            { "model": "rock_button", "uvlock": false, "y": 270 }
        ],			
        "facing=down,powered=false":  { "model": "stone_button", "uvlock": true, "x": 180 },
        "facing=east,powered=false":  { "model": "stone_button", "uvlock": true, "x": 90, "y": 90 },
        "facing=west,powered=false":  { "model": "stone_button", "uvlock": true, "x": 90, "y": 270 },
        "facing=south,powered=false": { "model": "stone_button", "uvlock": true, "x": 90, "y": 180 },
        "facing=north,powered=false": { "model": "stone_button", "uvlock": true, "x": 90 },
        "facing=up,powered=true": [
		    { "model": "rock_button_pressed", "uvlock": true },
            { "model": "rock_button_pressed", "uvlock": false, "y": 90 },
            { "model": "rock_button_pressed", "uvlock": false, "y": 180 },
            { "model": "rock_button_pressed", "uvlock": false, "y": 270 }
        ],			
        "facing=down,powered=true":   { "model": "stone_button_pressed", "uvlock": true, "x": 180 },
        "facing=east,powered=true":   { "model": "stone_button_pressed", "uvlock": true, "x": 90, "y": 90 },
        "facing=west,powered=true":   { "model": "stone_button_pressed", "uvlock": true, "x": 90, "y": 270 },
        "facing=south,powered=true":  { "model": "stone_button_pressed", "uvlock": true, "x": 90, "y": 180 },
        "facing=north,powered=true":  { "model": "stone_button_pressed", "uvlock": true, "x": 90 }
    }
}
